{"train/loss":10.618799209594727,"_timestamp":1.7768393594823918e+09,"train/grad_norm":1.3177906274795532,"train/lr":4.4999999999999996e-05,"_step":30,"train/tokens_per_second":2421.482093546428,"_runtime":56.070284855,"train/perplexity":40896.47733507082,"_wandb":{"runtime":56},"train/tokens_seen":122880}